{"bizw-sidebar":{"search-2":{"title":""},"recent-posts-2":{"title":"","number":5},"recent-comments-2":{"title":"","number":5},"archives-2":{"title":"","count":0,"dropdown":0},"categories-2":{"title":"","count":0,"hierarchical":0,"dropdown":0},"meta-2":{"title":""},"recent-posts-3":{"title":"","number":5,"show_date":true}},"bizw-page-sidebar":{"bizw_about_widget-1":{"title":"","logo":"<span><i class=\"fa fa-fax\"><\/i><\/span>V<span>O<\/span>IP<span>BIZ<\/span>","logourl":"#","textarea":"Lorem ipsum dolor sit amet, consectetur adipisicing elit. Laborum quod mollitia quisquam. Architecto quam in atque sint voluptatem, consequatur consectetur ab ipsum maxime quod consequuntur excepturi illum dolorem ex mod","buttontext":"Learn More","buttonurl":"#"},"bizw_about_widget-2":{"title":"","logo":"<span><i class=\"fa fa-fax\"><\/i><\/span><span>Biz<\/span>Walls","logourl":"#","textarea":"Lorem ipsum dolor sit amet, consectetur adipisicing elit. Laborum quod mollitia quisquam. Architecto quam in atque sint voluptatem, consequatur consectetur ab ipsum maxime quod consequuntur excepturi illum dolorem ex mod","buttontext":"Learn More","buttonurl":"#"},"nav_menu-1":{"title":"Company","nav_menu":42},"bizw_about_widget-3":{"title":"","logo":"<span><i class=\"fa fa-fax\"><\/i><\/span><span>Biz<\/span>Walls","logourl":"#","textarea":"Lorem ipsum dolor sit amet, consectetur adipisicing elit. Laborum quod mollitia quisquam. Architecto quam in atque sint voluptatem, consequatur consectetur ab ipsum maxime quod consequuntur excepturi illum dolorem ex mod","buttontext":"Learn More","buttonurl":"#"},"bizw_about_widget-4":{"title":"","logo":"VOIP","logourl":"","textarea":"Lorem ipsum dolor sit amet, consectetur adipisicing elit. Laborum quod mollitia quisquam. Architecto quam in atque sint voluptatem, consequatur consectetur ab ipsum maxime quod consequuntur excepturi illum dolorem ex modi...","buttontext":"Learn More","buttonurl":"#"}},"bizw-woo-sidebar":{"woocommerce_product_search-1":{"title":""},"woocommerce_top_rated_products-1":{"title":"Top rated products","number":5},"woocommerce_layered_nav_filters-2":{"title":"Active filters"},"woocommerce_price_filter-2":{"title":"Filter by price"}},"footer-one":{"bizw_about_widget-5":{"title":"","logo":"<span><i class=\"fa fa-fax\"><\/i><\/span>V<span>O<\/span>IP","logourl":"#","textarea":"Lorem ipsum dolor sit amet, consectetur adipisicing elit. Laborum quod mollitia quisquam. Architecto quam in atque sint voluptatem, consequatur consectetur ab ipsum maxime quod consequuntur excepturi illum dolorem ex modi...","buttontext":"Learn More","buttonurl":"#"}},"footer-two":{"nav_menu-2":{"title":"Comapny","nav_menu":42}},"footer-three":{"categories-3":{"title":"Categories","count":0,"hierarchical":0,"dropdown":0}},"footer-four":{"bizw_subscribe_widget-1":{"title":"Subscribe"}}}