{"last_tab":"5","bizw_display_preloader":"1","bizw_enable_breadcrumb":"1","bizw_bizw_body_fonts":{"font-family":"Raleway","font-options":"","google":"1","font-weight":"400","font-style":""},"bizw_bizw_header_fonts":{"font-family":"Raleway","font-options":"","google":"1","font-weight":"500","font-style":""},"bizw_unlimited-color":"#03a9f4","bizw_unlimited-secondcolor":"#303030","bizw_site_logo":{"url":"http:\/\/themelooks.us\/demo\/bizwalls\/wordpress\/wp-content\/uploads\/2017\/07\/logo.png","id":"588","height":"35","width":"166","thumbnail":"http:\/\/themelooks.us\/demo\/bizwalls\/wordpress\/wp-content\/uploads\/2017\/07\/logo-150x35.png","title":"","caption":"","alt":"","description":""},"bizw_site_title":"","bizw_header_custombtn_text":"Try It Free","bizw_header_custombtn_url":"#","bizw_header_top":"1","bizw_header_social":"1","bizw_header_phonemail":"1","bizw_header_mobile":"+444 000 0000","bizw_header_email":"example@example.com","bizw_header_logsing":"1","bizw_header_loginText":"Login","bizw_header_loginUrl":"#","bizw_header_signupText":"Signup","bizw_header_signupUrl":"#","bizw_display_topsupport":"1","bizw_header_support":[{"title":"24\/7 Support","progress":"","icon":"fa-headphones","facts-number":"","url":"Lorem ipsum dolor","sort":"0","attachment_id":"","thumb":"","image":"","height":"","width":""},{"title":"Private Number","progress":"","icon":"fa-mobile-phone","facts-number":"","url":"Lorem ipsum dolor","sort":"1","attachment_id":"","thumb":"","image":"","height":"","width":""},{"title":"Free Calls","progress":"","icon":"fa-dollar","facts-number":"","url":"Lorem ipsum dolor","sort":"2","attachment_id":"","thumb":"","image":"","height":"","width":""}],"bizw_allHeader_bg":{"url":"http:\/\/themelooks.us\/demo\/bizwalls\/wordpress\/wp-content\/uploads\/2017\/05\/page-title-bg-1.jpg","id":"45","height":"1439","width":"1919","thumbnail":"http:\/\/themelooks.us\/demo\/bizwalls\/wordpress\/wp-content\/uploads\/2017\/05\/page-title-bg-1-150x150.jpg","title":"","caption":"","alt":"","description":""},"bizw_allHeader_bgcolor":"","bizw_allHeader_overlay":"1","bizw_allHeader_ovbg":"#303030","bizw_allHeader_ovopacity":"0.8","bizw_allHeader_textcolor":"","bizw_blog_sidebar":"3","bizw_blog_postExcerpt":"30","bizw_hide_shareBox":"1","bizw_page_sidebar_change":"2","bizw_page_sidebar":"3","bizw_page_title_tag":"h2","bizw_page_title_tag_color":"","bizw_woo_page_sidebar":"3","bizw_woo_product_col":"4","bizw_woo_shoptitle_switch":"1","bizw_woo_relproduct_num":"3","bizw_woo_shop_product_per_page_num":"9","bizw_fof_text":"404","bizw_fof_desc":"Sorry, the page you're looking for is not found yet.","bizw_fof_background":{"background-color":"#ffffff","background-repeat":"","background-size":"","background-attachment":"","background-position":"","background-image":"http:\/\/themelooks.us\/demo\/bizwalls\/wordpress\/wp-content\/uploads\/2017\/05\/404-bg-1.jpg","media":{"id":"302","height":"840","width":"1600","thumbnail":"http:\/\/themelooks.us\/demo\/bizwalls\/wordpress\/wp-content\/uploads\/2017\/05\/404-bg-1-150x150.jpg"}},"bizw_subscribe_apikey":"ab3780c5a0fecc146cae4994c63aca51-us13","bizw_subscribe_listid":"f4e0e93d1d","bizw_contact_title":"Contact Information","bizw_contact_address":[{"title":"fa-home","progress":"","icon":"fa-home","facts-number":"","url":"3224 Junkins Avenue, GA 31750, United States","sort":"3","attachment_id":"","thumb":"","image":"","height":"","width":""},{"title":"fa-envelope","progress":"","icon":"fa-envelope","facts-number":"","url":"support@example.com","sort":"4","attachment_id":"","thumb":"","image":"","height":"","width":""},{"title":"fa-phone","progress":"","icon":"fa-phone","facts-number":"","url":"+000 000 000 000","sort":"5","attachment_id":"","thumb":"","image":"","height":"","width":""},{"title":"fa-fax","progress":"","icon":"fa-fax","facts-number":"","url":"+1-212-9876543","sort":"6","attachment_id":"","thumb":"","image":"","height":"","width":""}],"bizw_contact_addrtitle":"","bizw_contact_addrcolor":"","bizw_contact-addressicon-border":{"border-top":"1px","border-right":"1px","border-bottom":"1px","border-left":"1px","border-style":"solid","border-color":"#e9e9e9"},"bizw_contact_background":{"background-color":"#ffffff","background-repeat":"","background-size":"","background-attachment":"","background-position":"","background-image":"","media":{"id":"","height":"","width":"","thumbnail":""}},"bizw_contact_socialcolor":"","bizw_contact-socialicon-border":{"border-top":"1px","border-right":"1px","border-bottom":"1px","border-left":"1px","border-style":"solid","border-color":"#2e3138"},"bizw_contact_form":"[contact-form-7 id=\"589\" title=\"BizWalls\"]","bizw_contactform_background":{"background-color":"#f8f8f8","background-repeat":"","background-size":"","background-attachment":"","background-position":"","background-image":"","media":{"id":"","height":"","width":"","thumbnail":""}},"bizw_contact-form-border":{"border-top":"1px","border-right":"1px","border-bottom":"1px","border-left":"1px","border-style":"solid","border-color":"#e9e9e9"},"bizw_map_disabled":"1","bizw_map_apikey":"AIzaSyBK9f7sXWmqQ1E-ufRXV3VpXOn_ifKsDuc","bizw_map_lat":"23.790546","bizw_map_lng":"90.375583","bizw_map_zoom":"16","bizw_facebook_link":"#","bizw_twitter_link":"#","bizw_google_link":"#","bizw_youtube_link":"","bizw_instagram_link":"","bizw_vimeo_link":"","bizw_linkedin_link":"#","bizw_behance_link":"","bizw_pinterest_link":"","bizw_dribbble_link":"","bizw_github_link":"","bizw_footer_widget_disabled":"1","bizw_footer_widget_background":{"background-color":"#303030","background-repeat":"","background-size":"","background-attachment":"","background-position":"","background-image":"","media":{"id":"","height":"","width":"","thumbnail":""}},"bizw_footertop_support_disabled":"1","bizw_footersuppor_background":{"background-color":"#303030","background-repeat":"","background-size":"","background-attachment":"","background-position":"","background-image":"","media":{"id":"","height":"","width":"","thumbnail":""}},"bizw_footersuppor_border":"","bizw_footertop_support":[{"title":"24\/7 Customer Support","progress":"","icon":"fa-headphones","facts-number":"","url":"#","sort":"7","attachment_id":"","thumb":"","image":"","height":"","width":""},{"title":"support@example.com","progress":"","icon":"fa-envelope-o","facts-number":"","url":"#","sort":"8","attachment_id":"","thumb":"","image":"","height":"","width":""},{"title":"Click Here To Live Chat","progress":"","icon":"fa-comments-o","facts-number":"","url":"#","sort":"9","attachment_id":"","thumb":"","image":"","height":"","width":""},{"title":"+44 000 000 000","progress":"","icon":"fa-phone","facts-number":"","url":"#","sort":"10","attachment_id":"","thumb":"","image":"","height":"","width":""}],"bizw_copyright_text":"Copyright 2017 \u00a9 <a href=\"#\">BizWalls<\/a>. All Rights Reserved.","bizw_payment_img":{"url":"http:\/\/themelooks.us\/demo\/bizwalls\/wordpress\/wp-content\/uploads\/2017\/05\/payment-methods-1.png","id":"44","height":"40","width":"315","thumbnail":"http:\/\/themelooks.us\/demo\/bizwalls\/wordpress\/wp-content\/uploads\/2017\/05\/payment-methods-1-150x40.png","title":"","caption":"","alt":"","description":""},"bizw_footer_copyright_background":{"background-color":"#222222","background-repeat":"","background-size":"","background-attachment":"","background-position":"","background-image":"","media":{"id":"","height":"","width":"","thumbnail":""}},"bizw_footer_copyright_border":"","bizw_emoji_disabled":"0","bizw_embed_disabled":"0","bizw_script_disabled":"0","bizw_css_editor":"","redux-backup":1}